{"0": 0.9988226853155784, "1": 0.9988228542337346, "2": 0.9988226920081917, "3": 0.9988227673797695, "4": 0.9988228211044856, "5": 0.9988228429688237, "6": 0.9988221953836994, "7": 0.9988229972795754, "8": 0.9988226399947786, "9": 0.9988226032385906, "10": 0.9988225424963655, "11": 0.9988224231597416, "12": 0.9988227062021302, "13": 0.998822687024238, "14": 0.9988228463719976, "15": 0.998822945055581, "16": 0.9988228671098742, "17": 0.9988229081288925, "18": 0.9988222646089924, "19": 0.998822499969185, "20": 0.9988230662967709, "21": 0.9988227550751433, "22": 0.9988230079048012, "23": 0.9988228614519972, "24": 0.9988225906719869, "25": 0.9988230518594384, "26": 0.9988226709719716, "27": 0.9988226501329642, "28": 0.9988226294160751, "29": 0.9988228668284413, "30": 0.9988227672732197, "31": 0.9988228082623276, "32": 0.9988226342168249, "33": 0.9988227428354228, "34": 0.9988226792670886, "35": 0.9988227794636406, "36": 0.9988226564919573, "37": 0.9988226183200267, "38": 0.9988228160294816, "39": 0.9988225514027114, "40": 0.9988227624761389, "41": 0.9988229336890707, "42": 0.9988224177966631, "43": 0.9988226880530949, "44": 0.9988225857887347, "45": 0.9988227101954182, "46": 0.9988224719701156, "47": 0.9988224716774583, "48": 0.9988230313386437, "49": 0.9988225874771917, "50": 0.9988227441897202, "51": 0.9988225998394294, "52": 0.9988228041989152, "53": 0.9988225879372523, "54": 0.9988226949855507, "55": 0.9988225575997037, "56": 0.9988225150643135, "57": 0.9988226299589549, "58": 0.9988224127931934, "59": 0.9988226384729463, "60": 0.9988226690427603, "61": 0.9988228567390102, "62": 0.9988225695623528, "63": 0.9988227134215684, "64": 0.9988230028434448, "65": 0.9988228227684933, "66": 0.9988221630458138, "67": 0.9988226141237199, "68": 0.9988226256419643, "69": 0.9988227381836735, "70": 0.9988226356984398, "71": 0.9988229908020446, "72": 0.9988222528284332, "73": 0.9988228330426092, "74": 0.9988229760867635, "75": 0.9988226679769813, "76": 0.9988228317058898, "77": 0.9988229377510189, "78": 0.9988229073638197, "79": 0.9988229102878523, "80": 0.9988227881673645, "81": 0.9988227720520311, "82": 0.9988225028875461, "83": 0.9988228897650323, "84": 0.9988230186405163, "85": 0.9988226778219089, "86": 0.9988226878169431, "87": 0.9988223265455307, "88": 0.9988225165284954, "89": 0.9988225121995943, "90": 0.9988228141995803, "91": 0.9988228453299018, "92": 0.9988226398779015, "93": 0.9988225576706529, "94": 0.9988225227718047, "95": 0.9988223769287087, "96": 0.9988223459383548, "97": 0.9988229590560798, "98": 0.9988227260698445, "99": 0.9988224319185094, "100": 0.9988225432785717, "101": 0.9988229532901641, "102": 0.9988225862326963, "103": 0.9988228914341185, "104": 0.9988224655550209, "105": 0.9988225391193144, "106": 0.9988227200255637, "107": 0.998822657470405, "108": 0.9988226149755127, "109": 0.9988225930060487, "110": 0.9988229719825421, "111": 0.9988228733928132, "112": 0.9988228806163789, "113": 0.9988227140439611, "114": 0.9988223797746961, "115": 0.9988225681673883, "116": 0.998822542252804, "117": 0.9988223245970133, "118": 0.9988225372373506, "119": 0.9988224593404522, "120": 0.9988225269913563, "121": 0.9988228218056502, "122": 0.9988227658082632, "123": 0.9988222997443532, "124": 0.9988228861394358, "125": 0.9988227685435335, "126": 0.998822381240617, "127": 0.998822684745062, "128": 0.9988230931013848, "129": 0.9988227986903908, "130": 0.9988227682762938, "131": 0.9988227860388285, "132": 0.9988226171945908, "133": 0.9988224539006684, "134": 0.9988225738576391, "135": 0.9988226946876456, "136": 0.9988223033796726, "137": 0.9988229120630453, "138": 0.9988226794281045, "139": 0.9988227621360211, "140": 0.9988224946821264, "141": 0.9988227806495112, "142": 0.9988224306407829, "143": 0.9988226968621464, "144": 0.9988226511840304, "145": 0.9988228045929944, "146": 0.9988227719845962, "147": 0.9988225648340506, "148": 0.9988225490132683, "149": 0.9988224999730052, "150": 0.9988225889831883, "151": 0.9988225396216198, "152": 0.9988230286036216, "153": 0.998822742582637, "154": 0.9988225933735203, "155": 0.9988227191052336, "156": 0.9988229515472292, "157": 0.9988226801047994, "158": 0.9988229396258778, "159": 0.9988229056744435, "160": 0.998822661291412, "161": 0.9988224393652039, "162": 0.9988225059974546, "163": 0.9988221757316003, "164": 0.9988228023915771, "165": 0.9988225684635587, "166": 0.9988225210241981, "167": 0.9988224577903784, "168": 0.9988227653213723, "169": 0.9988228784300504, "170": 0.9988225823324721, "171": 0.9988225879828114, "172": 0.9988225571421416, "173": 0.9988226968945463, "174": 0.9988227789948961, "175": 0.9988226208276249, "176": 0.9988222854040937, "177": 0.9988224596934306, "178": 0.9988228005294423, "179": 0.9988224534457165, "180": 0.9988226368726193, "181": 0.9988228618420899, "182": 0.9988223750112198, "183": 0.9988224087705101, "184": 0.9988224113824345, "185": 0.9988227799754635, "186": 0.9988226709241107, "187": 0.9988224218635781, "188": 0.9988226950462651, "189": 0.9988227577416247, "190": 0.9988228131279222, "191": 0.9988227384681451, "192": 0.998822564109508, "193": 0.9988225875900952, "194": 0.9988227292722918, "195": 0.9988224433710889, "196": 0.9988226659117821, "197": 0.9988226157226803, "198": 0.998822533132925, "199": 0.9988225715582949, "200": 0.9988228946115096, "201": 0.9988227218530067, "202": 0.9988226070239598, "203": 0.9988225707495129, "204": 0.9988228414090712, "205": 0.9988227069697793, "206": 0.9988224726542204, "207": 0.9988229230937854, "208": 0.9988225402090858, "209": 0.998822467415122, "210": 0.9988229241613983, "211": 0.9988228457883197, "212": 0.9988225615010003, "213": 0.9988228169590694, "214": 0.9988224988979202, "215": 0.998822822724005, "216": 0.9988224450554248, "217": 0.9988224514231343, "218": 0.9988229654131079, "219": 0.998822837666896, "220": 0.9988224847496391, "221": 0.9988226040927161, "222": 0.9988224145337382, "223": 0.9988225813356877, "224": 0.9988227592995483, "225": 0.9988226635704718, "226": 0.9988228774924465, "227": 0.9988226495867079, "228": 0.998822646554493, "229": 0.9988229182834737, "230": 0.9988226625700666, "231": 0.9988231287521274, "232": 0.9988222266663331, "233": 0.9988230275055406, "234": 0.9988225927399675, "235": 0.998822543193498, "236": 0.9988229115288898, "237": 0.9988224775834245, "238": 0.99882254512896, "239": 0.9988224495448127, "240": 0.9988231822124225, "241": 0.9988226627924862, "242": 0.9988226830371972, "243": 0.9988224136661377, "244": 0.9988228172166698, "245": 0.9988228368374801, "246": 0.998822441979773, "247": 0.9988224382769183, "248": 0.9988227373903344, "249": 0.9988228122901824, "250": 0.9988227479714031, "251": 0.9988227702891842, "252": 0.9988225082432987, "253": 0.9988226098566687, "254": 0.9988227553323104, "255": 0.9988223159765501, "256": 0.9988227230778367, "257": 0.9988224961743194, "258": 0.99882224388723, "259": 0.9988226104686617, "260": 0.9988226978837624, "261": 0.9988223852112615, "262": 0.9988227834233244, "263": 0.9988225707105923, "264": 0.9988225936690294, "265": 0.9988228034762057, "266": 0.9988227596174349, "267": 0.9988232116136386, "268": 0.9988229082952642, "269": 0.9988228492485852, "270": 0.998822758790154, "271": 0.9988232051183868, "272": 0.9988228493252971, "273": 0.9988225298999183, "274": 0.9988226981137039, "275": 0.9988223262111582, "276": 0.9988227273148255, "277": 0.9988224874034551, "278": 0.998822830821112, "279": 0.998822670640253, "280": 0.9988226344542072, "281": 0.9988226392235722, "282": 0.9988225638387788, "283": 0.9988222936528904, "284": 0.9988228186863735, "285": 0.9988225416492106, "286": 0.9988226152362639, "287": 0.9988226248178445, "288": 0.9988225886373008, "289": 0.9988226140722036, "290": 0.9988225263176209, "291": 0.9988228177529832, "292": 0.9988229483644946, "293": 0.9988230219190873, "294": 0.998822767567192, "295": 0.9988224728373531, "296": 0.9988226746448907, "297": 0.9988227523122611, "298": 0.9988222226758775, "299": 0.9988226524765622, "300": 0.9988230241703066,