{"0": 0.0019550363815350404, "1": 0.00195419382361584, "2": 0.001954075717449911, "3": 0.0019553170041048534, "4": 0.0019534335964280806, "5": 0.0019553396141548146, "6": 0.0019530414870329073, "7": 0.0019532303137385987, "8": 0.0019522235264692015, "9": 0.001955814485603216, "10": 0.0019544428716475027, "11": 0.0019553340198913073, "12": 0.001952973504575184, "13": 0.00195454212694761, "14": 0.001954740419646726, "15": 0.001954206636350998, "16": 0.001954804502081701, "17": 0.001952351295675761, "18": 0.0019545055463561284, "19": 0.001953869572903715, "20": 0.0019456842764472625, "21": 0.0019349398067282444, "22": 0.0019559548476953312, "23": 0.0019531572023427685, "24": 0.001954458248899244, "25": 0.0019533171661823994, "26": 0.001953162557543207, "27": 0.001952875260135918, "28": 0.0019530708226599273, "29": 0.0019538928649829126, "30": 0.0019548285044072157, "31": 0.001955210950143413, "32": 0.001953660189579741, "33": 0.0019532864297554108, "34": 0.0019522444716677273, "35": 0.0019521234580667335, "36": 0.0019544198059967366, "37": 0.0019545339719793803, "38": 0.0019546670187116167, "39": 0.001955041042710559, "40": 0.0019550335848350637, "41": 0.0019541956872811874, "42": 0.001953969264951683, "43": 0.001954632765885145, "44": 0.0019513900899942995, "45": 0.0019541873008011197, "46": 0.0019553228314123094, "47": 0.0019542613826202477, "48": 0.0019526231530654946, "49": 0.0019541537552407564, "50": 0.001949243920515552, "51": 0.001952814500053475, "52": 0.0019501687320369388, "53": 0.0019534054196721196, "54": 0.001954893987978522, "55": 0.001954055917312096, "56": 0.001953388187806776, "57": 0.001955145455954746, "58": 0.0019548429525510754, "59": 0.0019520266525868673, "60": 0.001955139396105117, "61": 0.0019512188863688136, "62": 0.0019344441758599822, "63": 0.0019548089296729776, "64": 0.0019494588727507808, "65": 0.001955421665191776, "66": 0.0019555689927397224, "67": 0.0019551300732962087, "68": 0.001955627274105751, "69": 0.0019510979363406827, "70": 0.001955374811763184, "71": 0.001953007029875028, "72": 0.0019528412715043356, "73": 0.001954411185570875, "74": 0.0019554090775932074, "75": 0.001955665973892363, "76": 0.001954459413847488, "77": 0.001955263160605551, "78": 0.0019554839050644206, "79": 0.0019541304600515235, "80": 0.0019536422567899164, "81": 0.0019444159582990026, "82": 0.001953578678225084, "83": 0.0019500266930118912, "84": 0.0019514338237637018, "85": 0.0019557820778472266, "86": 0.0019556958152146062, "87": 0.001953533499110601, "88": 0.001953578911109824, "89": 0.0019538779580202392, "90": 0.001954899580983086, "91": 0.001954776305551495, "92": 0.001954698708935963, "93": 0.001954451026235631, "94": 0.0019524867541298974, "95": 0.001954191028121151, "96": 0.0019538742312973415, "97": 0.0019526752944250734, "98": 0.00195377733899692, "99": 0.0019551759885597514, "100": 0.00195454212694761, "101": 0.001954078745723972, "102": 0.001953744033378381, "103": 0.001953591952699583, "104": 0.0019543508436544637, "105": 0.0019516013238605333, "106": 0.0019557114354632693, "107": 0.0019519379960105403, "108": 0.00195502682615997, "109": 0.001955118186779324, "110": 0.0019524204202074767, "111": 0.0019507916406738468, "112": 0.001954369481885386, "113": 0.001955012143601488, "114": 0.0019539438756062564, "115": 0.0019515957402923454, "116": 0.001953277115782114, "117": 0.0019539177878151537, "118": 0.001952574737335426, "119": 0.0019513914857377565, "120": 0.0019544724613152565, "121": 0.0019529809545920814, "122": 0.001955091617179359, "123": 0.001956003580411858, "124": 0.001954698941954221, "125": 0.001955931531035531, "126": 0.001954231563185542, "127": 0.00195461552319283, "128": 0.0019448559501338049, "129": 0.0019520471302687953, "130": 0.001955451269678165, "131": 0.0019529001699881258, "132": 0.0019508793149310068, "133": 0.0019526969428092903, "134": 0.0019544645396280093, "135": 0.0019541968520729322, "136": 0.0019543781021273024, "137": 0.0019544768881544676, "138": 0.001951727191032168, "139": 0.0019516210991263434, "140": 0.0019549096018229477, "141": 0.0019547732761964125, "142": 0.0019549655330353905, "143": 0.0019498319001750837, "144": 0.0019558280084227735, "145": 0.0019557809121106134, "146": 0.00195409784725313, "147": 0.0019509467593485687, "148": 0.0019557123680193746, "149": 0.001953446404178785, "150": 0.0019540135223975884, "151": 0.001954473859263398, "152": 0.0019557181965051086, "153": 0.0019534142685269087, "154": 0.0019510393247933477, "155": 0.00195264061095495, "156": 0.0018661244134151862, "157": 0.0019525374952830377, "158": 0.001954570087096998, "159": 0.0019560413549317484, "160": 0.001954547252945055, "161": 0.001953326713201348, "162": 0.001954141641707698, "163": 0.001956078663815593, "164": 0.001954009795416122, "165": 0.001954989537338145, "166": 0.0019524420657660241, "167": 0.0019534000638057993, "168": 0.0019554377494634223, "169": 0.0019522470316518472, "170": 0.0019535961446576385, "171": 0.0019553682850064974, "172": 0.0019517334729705976, "173": 0.0019437244126489634, "174": 0.0019434174211362442, "175": 0.0019469847549717907, "176": 0.0019534873895453476, "177": 0.001952790056875389, "178": 0.0019551468543842505, "179": 0.0019539476024619906, "180": 0.001954656067062366, "181": 0.0019549860415475633, "182": 0.0019541842723588294, "183": 0.00195505875527888, "184": 0.0019549198557587692, "185": 0.0019547131561205035, "186": 0.0019560726010735456, "187": 0.0019547422838333485, "188": 0.0019543832276945755, "189": 0.001955303018637815, "190": 0.00195354514311233, "191": 0.0019553769096538882, "192": 0.001950471209668149, "193": 0.0019546800675653018, "194": 0.001951216560336028, "195": 0.0019536452843922332, "196": 0.0019545043813803875, "197": 0.0019476168622362222, "198": 0.0019540705926891153, "199": 0.0019552326266392413, "200": 0.0019551699286154884, "201": 0.0019546807666134935, "202": 0.001951550839678924, "203": 0.0019541882326304613, "204": 0.0019527909880384723, "205": 0.0019552377544475967, "206": 0.0019550084147153045, "207": 0.001953353957390041, "208": 0.001953245914295168, "209": 0.0019518895972690947, "210": 0.0019535192935224775, "211": 0.0019549804482956344, "212": 0.0019535358279053946, "213": 0.001955660145562264, "214": 0.0019518481800682706, "215": 0.00195428980469247, "216": 0.0019517090433236164, "217": 0.001955376210356737, "218": 0.0019552060554840654, "219": 0.001955291597247271, "220": 0.0019551081648702586, "221": 0.001955112593149325, "222": 0.0019553624575635795, "223": 0.0019524436950113249, "224": 0.0019560733006197457, "225": 0.0019536136112463555, "226": 0.0019470058760652678, "227": 0.0019547008061012875, "228": 0.001953656463272203, "229": 0.0019537917793716122, "230": 0.0019559431893306865, "231": 0.0019501361853564631, "232": 0.0019531513814893806, "233": 0.001954936868089113, "234": 0.0019552221379822193, "235": 0.0019535991721884942, "236": 0.0019556013969648425, "237": 0.0019338527677513272, "238": 0.0019530584830170928, "239": 0.001953985104343457, "240": 0.001953100624383003, "241": 0.0019535900896100016, "242": 0.0019533283431848562, "243": 0.0019550643487548478, "244": 0.001950896989794295, "245": 0.0019545516799536677, "246": 0.001952409248400182, "247": 0.0019537074677237662, "248": 0.0019519498631928437, "249": 0.001953683013368496, "250": 0.0019524879179030382, "251": 0.001954688223143091, "252": 0.001953191429311584, "253": 0.0019537540482948913, "254": 0.0019543235855618095, "255": 0.0019539154585650285, "256": 0.001954804502081701, "257": 0.0019537358817400506, "258": 0.001953215411830771, "259": 0.0019533048249831485, "260": 0.001952693218338998, "261": 0.00195394783539071, "262": 0.001954369481885386, "263": 0.0019496615305092898, "264": 0.0019548909584410647, "265": 0.0019537018781298613, "266": 0.001953920815844467, "267": 0.001955191604656531, "268": 0.0019518158380337814, "269": 0.0019552337920490503, "270": 0.001953517197624778, "271": 0.0019356383797585629, "272": 0.0019513424026926067, "273": 0.0019556361330254593,