{"0": 1.001422245604924, "1": 1.000895459889317, "2": 1.0008810397876076, "3": 1.0003708015292017, "4": 1.001528077443932, "5": 1.0007061120221208, "6": 1.000760705743011, "7": 1.00137501068659, "8": 1.0005525949338863, "9": 1.0005695582771421, "10": 1.002014358358846, "11": 1.0020478694813615, "12": 1.0015639290434435, "13": 1.0004346434910147, "14": 1.0008146014834167, "15": 1.0006825227423584, "16": 1.0004014120166742, "17": 1.0002930215664452, "18": 1.000523807973197, "19": 1.000825626827605, "20": 1.0004076240030846, "21": 1.000772548627022, "22": 1.0016748983463863, "23": 1.000214075354571, "24": 1.0005130139947904, "25": 1.0001381709476542, "26": 1.0007567543643525, "27": 1.0001230514798658, "28": 1.001105454418224, "29": 1.0009804999081684, "30": 1.0004277056016966, "31": 1.0007809676201977, "32": 1.0009727148729317, "33": 1.0004361323793187, "34": 1.0003411399876376, "35": 1.000726296536083, "36": 1.0007869063496757, "37": 1.0007973554261982, "38": 1.000366457550634, "39": 1.000634555305359, "40": 1.0008707286456056, "41": 1.0007114121616785, "42": 1.0009791068255347, "43": 1.0004415345476017, "44": 1.0003517683792582, "45": 1.001754872176505, "46": 1.0006307878176683, "47": 1.000874201461689, "48": 1.000865825043713, "49": 1.0004423799071873, "50": 1.0004731701124716, "51": 1.0007269325801154, "52": 1.000861071077816, "53": 1.0003747224565176, "54": 1.0002041515378484, "55": 1.0006623364940501, "56": 1.001188078068106, "57": 1.0004545147947288, "58": 1.0011084479013908, "59": 1.0003600218859934, "60": 1.0004486306571858, "61": 1.0008507941484763, "62": 1.0007823173793722, "63": 1.0009208927374977, "64": 1.000708299738961, "65": 1.0008812944701586, "66": 1.0012473869234246, "67": 1.0015633127879429, "68": 1.0005273431690167, "69": 1.0006026771473526, "70": 1.000123960197906, "71": 1.0005061627716012, "72": 1.0002612219513165, "73": 1.001297142905981, "74": 1.0002476475837025, "75": 1.0003108970560628, "76": 1.0002879844573127, "77": 1.0003715629643997, "78": 1.0006443250598036, "79": 1.0011909604337592, "80": 1.000335476476106, "81": 1.0008510113576332, "82": 1.001996786958268, "83": 1.0009883149996568, "84": 1.0008777380138152, "85": 1.000490535534367, "86": 1.00116191101373, "87": 1.000452700090567, "88": 1.0012604589188145, "89": 1.0003677694429196, "90": 1.0008205394210403, "91": 1.0012811248782225, "92": 1.0003439242221106, "93": 1.0005525481667172, "94": 1.0008573728049035, "95": 1.0007109169068653, "96": 1.0002498375427715, "97": 1.00038587217845, "98": 1.0006847738121327, "99": 1.0008998859101828, "100": 1.0010025039263057, "101": 1.00038083084938, "102": 1.0009606187522284, "103": 1.0009623391428002, "104": 1.0006584480860692, "105": 1.0008534792863306, "106": 1.000627353790772, "107": 1.000606282956131, "108": 1.0003334204478385, "109": 1.0007095081507769, "110": 1.0007747435551724, "111": 1.0007480140879055, "112": 1.0008686053002154, "113": 1.001158965920902, "114": 1.0004743924810102, "115": 1.002232815842333, "116": 1.000472472159815, "117": 1.0002218311532642, "118": 1.0005407941001792, "119": 1.001077109092256, "120": 1.0007398272809416, "121": 1.0001147088428528, "122": 1.0007505648339747, "123": 1.0010798097644653, "124": 1.0006505161963632, "125": 1.0010907544941194, "126": 1.000999916597385, "127": 1.0000135943874213, "128": 1.0008397500504715, "129": 1.0001298256427902, "130": 1.0010313980980339, "131": 1.0012470065573216, "132": 1.0008731964421196, "133": 1.000736164768224, "134": 1.0009671839997243, "135": 1.001729099642653, "136": 1.001157659490456, "137": 1.0005877694226613, "138": 1.000432449135365, "139": 1.0007694280342658, "140": 1.0013592685142747, "141": 1.0004079143543578, "142": 1.001429132222391, "143": 1.0016502943595147, "144": 1.0011333981099175, "145": 1.0015429265040359, "146": 1.0023827669169376, "147": 1.0010327844848024, "148": 1.000579330079326, "149": 1.0007010118994728, "150": 1.0007347441992485, "151": 1.000837019893379, "152": 1.0004141679111322, "153": 1.0004532474095342, "154": 1.0004416965063612, "155": 1.0016557141023075, "156": 1.0000012146724138, "157": 1.0009598157824287, "158": 1.0003209930563792, "159": 1.0018509345345366, "160": 1.000954435985978, "161": 1.0012391959215179, "162": 1.000266974367746, "163": 1.0016986406814954, "164": 1.000236512137798, "165": 1.0000573977911373, "166": 1.0010249473651804, "167": 1.0013519334397138, "168": 1.0008363050179718, "169": 1.0004375512288912, "170": 1.0008211469164925, "171": 1.0009966869945721, "172": 1.0004450711169413, "173": 1.0008149156855581, "174": 1.0007039009346514, "175": 1.00018064840892, "176": 1.0007901192001962, "177": 1.001025979113715, "178": 1.000713817475885, "179": 1.0006087242372874, "180": 1.0005862949094393, "181": 1.0010082648938565, "182": 1.0013066079465454, "183": 1.0009015593188235, "184": 1.0003967042778534, "185": 1.0007882056608155, "186": 1.000740362163536, "187": 1.0004983857209928, "188": 1.0012431166606695, "189": 1.0002219078743808, "190": 1.0009395571414497, "191": 1.0002428464699609, "192": 1.0000704939582648, "193": 1.0005829398054131, "194": 1.0004376425009254, "195": 1.0004678165510257, "196": 1.0016616369990246, "197": 1.0003307605415555, "198": 1.000996192149993, "199": 1.0015284359692898, "200": 1.0009488834923717, "201": 1.000835797159031, "202": 1.0006198996757045, "203": 1.0011751591058884, "204": 1.0008368949883, "205": 1.000356569924642, "206": 1.0006966168616378, "207": 1.0002915040753928, "208": 1.0006196484180185, "209": 1.0007983960161226, "210": 1.000873862572073, "211": 1.000829258682613, "212": 1.0002957372513221, "213": 1.0005489987447351, "214": 1.000559907989688, "215": 1.0011866908159708, "216": 1.0014458149364227, "217": 1.001152829694841, "218": 1.0007866760451494, "219": 1.0002014326963753, "220": 1.0003691921958822, "221": 1.0013518799218624, "222": 1.000439988146803, "223": 1.000446071778443, "224": 1.0003460927201278, "225": 1.0018714666898347, "226": 1.00095539451869, "227": 1.0007126797685868, "228": 1.0008324583436834, "229": 1.0009387176391955, "230": 1.0003593747657076, "231": 1.0014777304876077, "232": 1.0007311613422378, "233": 1.0003695555633338, "234": 1.000606144122132, "235": 1.0008909715117666, "236": 1.0011448726303684, "237": 1.0010901369029317, "238": 1.0001807356129635, "239": 1.0002760026444717, "240": 1.0017032066683202, "241": 1.0005923380849084, "242": 1.0004622825411988, "243": 1.0014300716425875, "244": 1.0005097922864141, "245": 1.0007180992132185, "246": 1.0008103575075642, "247": 1.0003686525740287, "248": 1.0012685929660894, "249": 1.0006520669912657, "250": 1.001154657835101, "251": 1.000620320521854, "252": 1.0006015098907821, "253": 1.0007954570214705, "254": 1.0003455820723746, "255": 1.0005611700567443, "256": 1.0014487133724312, "257": 1.0006124276950643, "258": 1.0005574925750271, "259": 1.0009692589604522, "260": 1.000466599174706, "261": 1.00002893672753, "262": 1.0011032137327742, "263": 1.0010083637481013, "264": 1.000522251403513, "265": 1.0006126333891103, "266": 1.0015688002634473, "267": 1.0012915917413423, "268": 1.000444690892953, "269": 1.0008750183295247, "270": 1.0004628259246964, "271": 1.0002109322886323, "272": 1.0007255153473238, "273": 1.0005189058662434, "274": 1.0014692564331464, "275": 1.000418809261985, "276": 1.000220523088048, "277": 1.000446200648146, "278": 1.0010385451750723, "279": 1.0002778971652073, "280": 1.000510850006178, "281": 1.0003304522185985, "282": 1.000245600801465, "283": 1.0006419604872185, "284": 1.0006705885896938, "285": 1.000501385588336, "286": 1.000779761779837, "287": 1.0020131126729432, "288": 1.0005881619646146, "289": 1.0013029524177546, "290": 1.0005363887993466, "291": 1.0005906968259013, "292": 1.0003064912555613, "293": 1.000618185809621, "294": 1.0004865599072024, "295": 1.0003468604990875, "296": 1.0011378064557979, "297": 1.000749988013213, "298": 1.0004828511287622, "299": 1.0007176722445723, "300": 1.000960155368025, "301": 1.0008215685688828, "302": 1.0006060505038987,